{
	"info": {
		"_postman_id": "56ec7c13-27a7-452f-8e7a-99fa2b1a4097",
		"name": "BizBuddy",
		"schema": "https://schema.getpostman.com/json/collection/v2.1.0/collection.json",
		"_exporter_id": "2197430"
	},
	"item": [
		{
			"name": "IncentivesAllowances",
			"item": [
				{
					"name": "GET PAY OUT",
					"request": {
						"auth": {
							"type": "basic",
							"basic": [
								{
									"key": "password",
									"value": "UAT_#12#789",
									"type": "string"
								},
								{
									"key": "username",
									"value": "UAT_#12#789",
									"type": "string"
								}
							]
						},
						"method": "GET",
						"header": [
							{
								"key": "userCtx",
								"value": "{\"mid\":\"employee1\",\"userName\":\"Name\",\"mobile\":\"+919876543210\",\"userType\":\"SO\",\"userStatus\":\"ACTIVE\",\"city\":\"City\",\"state\":\"State\",\"assignedRoles\":[\"ROLE_EMPLOYEEGROUP\"],\"isocode\":\"123456\"}"
							}
						],
						"url": {
							"raw": "{{environmentURL}}/so/earnings/payout",
							"host": [
								"{{environmentURL}}"
							],
							"path": [
								"so",
								"earnings",
								"payout"
							]
						}
					},
					"response": []
				},
				{
					"name": "GET EARNINGS DETAIL",
					"request": {
						"auth": {
							"type": "basic",
							"basic": [
								{
									"key": "password",
									"value": "UAT_#12#789",
									"type": "string"
								},
								{
									"key": "username",
									"value": "UAT_#12#789",
									"type": "string"
								}
							]
						},
						"method": "GET",
						"header": [
							{
								"key": "userCtx",
								"value": "{\"mid\":\"employee1\",\"userName\":\"Name\",\"mobile\":\"+919876543210\",\"userType\":\"SO\",\"userStatus\":\"ACTIVE\",\"city\":\"City\",\"state\":\"State\",\"assignedRoles\":[\"ROLE_EMPLOYEEGROUP\"],\"isocode\":\"123456\"}",
								"type": "text"
							}
						],
						"url": {
							"raw": "{{environmentURL}}/so/earnings/all?prevMonth=0&type=ALLOWANCE",
							"host": [
								"{{environmentURL}}"
							],
							"path": [
								"so",
								"earnings",
								"all"
							],
							"query": [
								{
									"key": "prevMonth",
									"value": "0"
								},
								{
									"key": "type",
									"value": "ALLOWANCE"
								}
							]
						}
					},
					"response": []
				},
				{
					"name": "New Request",
					"request": {
						"method": "GET",
						"header": []
					},
					"response": []
				}
			]
		},
		{
			"name": "visitcheckin",
			"item": [
				{
					"name": "CheckInitiate",
					"request": {
						"auth": {
							"type": "basic",
							"basic": [
								{
									"key": "password",
									"value": "UAT_#12#789",
									"type": "string"
								},
								{
									"key": "username",
									"value": "UAT_#12#789",
									"type": "string"
								}
							]
						},
						"method": "POST",
						"header": [
							{
								"key": "userCtx",
								"value": "{\"mid\":\"9200094029\",\"userName\":\"Name\",\"mobile\":\"+919876543210\",\"userType\":\"SO\",\"userStatus\":\"ACTIVE\",\"city\":\"City\",\"state\":\"State\",\"assignedRoles\":[\"ROLE_EMPLOYEEGROUP\"],\"isocode\":\"123456\"}",
								"type": "text"
							}
						],
						"body": {
							"mode": "raw",
							"raw": "\n{\n\n    \"targetIds\":[\"KMW1020\"],\n    \"visitType\":\"REGISTERED_RETAILER\",\n    \"currentGeoLocation\":\"-77.0364,38.8951\"\n}",
							"options": {
								"raw": {
									"language": "json"
								}
							}
						},
						"url": {
							"raw": "{{environmentURL}}/so/visits/check-in",
							"host": [
								"{{environmentURL}}"
							],
							"path": [
								"so",
								"visits",
								"check-in"
							]
						}
					},
					"response": []
				},
				{
					"name": "GetVisitCheckinInitated",
					"request": {
						"auth": {
							"type": "basic",
							"basic": [
								{
									"key": "password",
									"value": "UAT_#12#789",
									"type": "string"
								},
								{
									"key": "username",
									"value": "UAT_#12#789",
									"type": "string"
								}
							]
						},
						"method": "GET",
						"header": [
							{
								"key": "userID",
								"value": "employee1",
								"type": "text",
								"disabled": true
							},
							{
								"key": "userCtx",
								"value": "{\"mid\":\"1000000000013002\",\"userName\":\"Name\",\"mobile\":\"+919876543210\",\"userType\":\"SO\",\"userStatus\":\"ACTIVE\",\"city\":\"City\",\"state\":\"State\",\"assignedRoles\":[\"ROLE_EMPLOYEEGROUP\"],\"isocode\":\"123456\"}",
								"type": "text"
							}
						],
						"url": {
							"raw": "{{environmentURL}}/so/visits/check-in?visitType=REGISTERED_RETAILER",
							"host": [
								"{{environmentURL}}"
							],
							"path": [
								"so",
								"visits",
								"check-in"
							],
							"query": [
								{
									"key": "visitType",
									"value": "REGISTERED_RETAILER"
								}
							]
						}
					},
					"response": []
				},
				{
					"name": "validate",
					"request": {
						"auth": {
							"type": "basic",
							"basic": [
								{
									"key": "password",
									"value": "UAT_#12#789",
									"type": "string"
								},
								{
									"key": "username",
									"value": "UAT_#12#789",
									"type": "string"
								}
							]
						},
						"method": "POST",
						"header": [
							{
								"key": "userID",
								"value": "employee1",
								"type": "text",
								"disabled": true
							},
							{
								"key": "userCtx",
								"value": "{\"mid\":\"employee1\",\"userName\":\"Name\",\"mobile\":\"+919876543210\",\"userType\":\"SO\",\"userStatus\":\"ACTIVE\",\"city\":\"City\",\"state\":\"State\",\"assignedRoles\":[\"ROLE_EMPLOYEEGROUP\"],\"isocode\":\"123456\"}",
								"type": "text"
							}
						],
						"body": {
							"mode": "raw",
							"raw": "{\n     \"targetId\":\"S000001\",\n     \"otp\":\"203893\",\n     \"merchantDeviceId\":\"100009391488400,100009391488400\",\n     \"soDeviceId\":\"100009391488400,100009391488400\",\n     \"checkinRefNo\":\"CHECKIN_employee11649395606283\",\n     \"merchantGeoLocation\":\"100009391488400,100009391488400\",\n     \"soGeoLocation\":\"\",\n     \"visitType\":\"REGISTERED_RETAILER\",\n     \"ableToScan\":true,\n     \"unableToScanReason\":\"UNABLE_TO_GENERATE_QR_CODE\"\n}\n\n",
							"options": {
								"raw": {
									"language": "json"
								}
							}
						},
						"url": {
							"raw": "{{environmentURL}}/so/visits/check-in/validate",
							"host": [
								"{{environmentURL}}"
							],
							"path": [
								"so",
								"visits",
								"check-in",
								"validate"
							]
						}
					},
					"response": []
				},
				{
					"name": "checkout",
					"request": {
						"auth": {
							"type": "basic",
							"basic": [
								{
									"key": "password",
									"value": "UAT_#12#789",
									"type": "string"
								},
								{
									"key": "username",
									"value": "UAT_#12#789",
									"type": "string"
								}
							]
						},
						"method": "POST",
						"header": [
							{
								"key": "userCtx",
								"value": "{\"mid\":\"employee1\",\"userName\":\"Name\",\"mobile\":\"+919876543210\",\"userType\":\"SO\",\"userStatus\":\"ACTIVE\",\"city\":\"City\",\"state\":\"State\",\"assignedRoles\":[\"ROLE_EMPLOYEEGROUP\"],\"isocode\":\"123456\"}",
								"type": "text"
							}
						],
						"body": {
							"mode": "raw",
							"raw": "{\n    \"checkinRefNo\":\"CHECKIN_employee11649395606283\",\n    \"targetId\":\"1000000000013002\",\n    \"visitPurposeReason\":\"Onboarding\",\n    \"resultOfVisit\":true,\n    \"visitFailureReason\":\"\"\n}",
							"options": {
								"raw": {
									"language": "json"
								}
							}
						},
						"url": {
							"raw": "{{environmentURL}}/so/visits/check-out",
							"host": [
								"{{environmentURL}}"
							],
							"path": [
								"so",
								"visits",
								"check-out"
							]
						}
					},
					"response": []
				},
				{
					"name": "GetSOPendingCheckout",
					"request": {
						"auth": {
							"type": "basic",
							"basic": [
								{
									"key": "username",
									"value": "UAT_#12#789",
									"type": "string"
								},
								{
									"key": "password",
									"value": "UAT_#12#789",
									"type": "string"
								}
							]
						},
						"method": "GET",
						"header": [
							{
								"key": "userCtx",
								"value": "{\"mid\":\"employee1\",\"userName\":\"Name\",\"mobile\":\"+919876543210\",\"userType\":\"SO\",\"userStatus\":\"ACTIVE\",\"city\":\"City\",\"state\":\"State\",\"assignedRoles\":[\"ROLE_EMPLOYEEGROUP\"],\"isocode\":\"123456\"}",
								"type": "text"
							}
						],
						"url": {
							"raw": "{{environmentURL}}/so/visits/check-out/pending",
							"host": [
								"{{environmentURL}}"
							],
							"path": [
								"so",
								"visits",
								"check-out",
								"pending"
							]
						}
					},
					"response": []
				},
				{
					"name": "GetVisitReasons",
					"request": {
						"auth": {
							"type": "basic",
							"basic": [
								{
									"key": "password",
									"value": "UAT_#12#789",
									"type": "string"
								},
								{
									"key": "username",
									"value": "UAT_#12#789",
									"type": "string"
								}
							]
						},
						"method": "GET",
						"header": [
							{
								"key": "userCtx",
								"value": "{\"mid\":\"employee1\",\"userName\":\"Name\",\"mobile\":\"+919876543210\",\"userType\":\"SO\",\"userStatus\":\"ACTIVE\",\"city\":\"City\",\"state\":\"State\",\"assignedRoles\":[\"ROLE_EMPLOYEEGROUP\"],\"isocode\":\"123456\"}",
								"type": "text"
							}
						],
						"url": {
							"raw": "{{environmentURL}}/so/visits/check-in/reasons",
							"host": [
								"{{environmentURL}}"
							],
							"path": [
								"so",
								"visits",
								"check-in",
								"reasons"
							]
						}
					},
					"response": []
				},
				{
					"name": "GET_VISIT_CHECKIN_CONFIG",
					"request": {
						"auth": {
							"type": "basic",
							"basic": [
								{
									"key": "username",
									"value": "UAT_#12#789",
									"type": "string"
								},
								{
									"key": "password",
									"value": "UAT_#12#789",
									"type": "string"
								}
							]
						},
						"method": "GET",
						"header": [
							{
								"key": "userCtx",
								"value": "{\"mid\":\"1000000000013002\",\"userName\":\"Name\",\"mobile\":\"+919876543210\",\"userType\":\"SO\",\"userStatus\":\"ACTIVE\",\"city\":\"City\",\"state\":\"State\",\"assignedRoles\":[\"ROLE_EMPLOYEEGROUP\"],\"isocode\":\"123456\"}",
								"type": "text"
							}
						],
						"url": {
							"raw": "{{environmentURL}}/so/visits/check-in/config",
							"host": [
								"{{environmentURL}}"
							],
							"path": [
								"so",
								"visits",
								"check-in",
								"config"
							]
						}
					},
					"response": []
				},
				{
					"name": "UpdateMhereAttendance",
					"request": {
						"auth": {
							"type": "basic",
							"basic": [
								{
									"key": "password",
									"value": "UAT_#12#789",
									"type": "string"
								},
								{
									"key": "username",
									"value": "UAT_#12#789",
									"type": "string"
								}
							]
						},
						"method": "POST",
						"header": [
							{
								"key": "userCtx",
								"value": "{\"mid\":\"employee1\",\"userName\":\"Name\",\"mobile\":\"+919876543210\",\"userType\":\"SO\",\"userStatus\":\"ACTIVE\",\"city\":\"City\",\"state\":\"State\",\"assignedRoles\":[\"ROLE_EMPLOYEEGROUP\"],\"isocode\":\"123456\"}",
								"type": "text"
							}
						],
						"body": {
							"mode": "raw",
							"raw": "{\n    \"checkinRefNo\": \"CHECKIN_employee21649135147729\",\n    \"correlationId\": \"CHECKIN_employee21649135147729\",\n    \"markType\": \"IN\",\n    \"actionType\":\"UPDATE\"\n}",
							"options": {
								"raw": {
									"language": "json"
								}
							}
						},
						"url": {
							"raw": "{{environmentURL}}/so/visits/mhereAttendance",
							"host": [
								"{{environmentURL}}"
							],
							"path": [
								"so",
								"visits",
								"mhereAttendance"
							]
						}
					},
					"response": []
				},
				{
					"name": "GetAttendanceDetail",
					"request": {
						"auth": {
							"type": "basic",
							"basic": [
								{
									"key": "password",
									"value": "UAT_#12#789",
									"type": "string"
								},
								{
									"key": "username",
									"value": "UAT_#12#789",
									"type": "string"
								}
							]
						},
						"method": "GET",
						"header": [
							{
								"key": "userCtx",
								"value": "{\"mid\":\"employee1\",\"userName\":\"Name\",\"mobile\":\"+919876543210\",\"userType\":\"SO\",\"userStatus\":\"ACTIVE\",\"city\":\"City\",\"state\":\"State\",\"assignedRoles\":[\"ROLE_EMPLOYEEGROUP\"],\"isocode\":\"123456\"}",
								"type": "text"
							}
						],
						"url": {
							"raw": "{{environmentURL}}/so/visits/mhereAttendance",
							"host": [
								"{{environmentURL}}"
							],
							"path": [
								"so",
								"visits",
								"mhereAttendance"
							]
						}
					},
					"response": []
				}
			]
		},
		{
			"name": "BULK_UPLOAD",
			"item": [
				{
					"name": "UPLOAD_FILE",
					"request": {
						"auth": {
							"type": "basic",
							"basic": [
								{
									"key": "username",
									"value": "UAT_#12#789",
									"type": "string"
								},
								{
									"key": "password",
									"value": "UAT_#12#789",
									"type": "string"
								}
							]
						},
						"method": "POST",
						"header": [
							{
								"key": "userCtx",
								"value": "{\"mid\":\"employee1\",\"userName\":\"Name\",\"mobile\":\"+919876543210\",\"userType\":\"SO\",\"userStatus\":\"ACTIVE\",\"city\":\"City\",\"state\":\"State\",\"assignedRoles\":[\"ROLE_ADMINGROUP\"],\"isocode\":\"123456\"}",
								"type": "text"
							}
						],
						"body": {
							"mode": "formdata",
							"formdata": [
								{
									"key": "file",
									"type": "file",
									"src": "/Users/mohan.jatavath/Projects/Work/IMP_URL.xlsx"
								},
								{
									"key": "type",
									"value": "PINCODESOMAP",
									"type": "text"
								},
								{
									"key": "userCtx",
									"value": "{\"mid\":\"employee1\",\"userName\":\"Name\",\"mobile\":\"+919876543210\",\"userType\":\"SO\",\"userStatus\":\"ACTIVE\",\"city\":\"City\",\"state\":\"State\",\"assignedRoles\":[\"ROLE_CUSTOMER\"],\"isocode\":\"123456\"}",
									"type": "text",
									"disabled": true
								}
							]
						},
						"url": {
							"raw": "{{environmentURL}}/so/admin/bulkupload",
							"host": [
								"{{environmentURL}}"
							],
							"path": [
								"so",
								"admin",
								"bulkupload"
							]
						}
					},
					"response": []
				},
				{
					"name": "GetAllBulkUploadByType",
					"request": {
						"auth": {
							"type": "basic",
							"basic": [
								{
									"key": "password",
									"value": "UAT_#12#789",
									"type": "string"
								},
								{
									"key": "username",
									"value": "UAT_#12#789",
									"type": "string"
								}
							]
						},
						"method": "GET",
						"header": [
							{
								"key": "userCtx",
								"value": "{\"mid\":\"employee1\",\"userName\":\"Name\",\"mobile\":\"+919876543210\",\"userType\":\"SO\",\"userStatus\":\"ACTIVE\",\"city\":\"City\",\"state\":\"State\",\"assignedRoles\":[\"ROLE_ADMINGROUP\"],\"isocode\":\"123456\"}",
								"type": "text"
							}
						],
						"url": {
							"raw": "{{environmentURL}}/so/admin/bulkupload?currentPage=1&sort=sort&bulkuploadType=PINCODESOMAP&pageSize=10",
							"host": [
								"{{environmentURL}}"
							],
							"path": [
								"so",
								"admin",
								"bulkupload"
							],
							"query": [
								{
									"key": "currentPage",
									"value": "1"
								},
								{
									"key": "sort",
									"value": "sort"
								},
								{
									"key": "bulkuploadType",
									"value": "PINCODESOMAP"
								},
								{
									"key": "UserCtx",
									"value": "{\"mid\":\"employee1\",\"userName\":\"Name\",\"mobile\":\"+919876543210\",\"userType\":\"SO\",\"userStatus\":\"ACTIVE\",\"city\":\"City\",\"state\":\"State\",\"assignedRoles\":[\"ROLE_ADMINGROUP\"],\"isocode\":\"123456\"}",
									"disabled": true
								},
								{
									"key": "pageSize",
									"value": "10"
								}
							]
						}
					},
					"response": []
				}
			]
		},
		{
			"name": "PaymentEngine",
			"item": [
				{
					"name": "GET Merchant List",
					"request": {
						"method": "POST",
						"header": [],
						"body": {
							"mode": "raw",
							"raw": "{[\"MID1\",\"MID2\"]}",
							"options": {
								"raw": {
									"language": "json"
								}
							}
						},
						"url": {
							"raw": "{{environmentURL}}/employees",
							"host": [
								"{{environmentURL}}"
							],
							"path": [
								"employees"
							]
						}
					},
					"response": []
				}
			]
		},
		{
			"name": "Token",
			"item": [
				{
					"name": "GetHybrisToken",
					"request": {
						"method": "GET",
						"header": []
					},
					"response": []
				}
			]
		},
		{
			"name": "employee",
			"item": [
				{
					"name": "GetEmployeeTrackingDetails",
					"request": {
						"auth": {
							"type": "basic",
							"basic": [
								{
									"key": "password",
									"value": "UAT_#12#789",
									"type": "string"
								},
								{
									"key": "username",
									"value": "UAT_#12#789",
									"type": "string"
								}
							]
						},
						"method": "GET",
						"header": [
							{
								"key": "userCtx",
								"value": "{\"mid\":\"employee1\",\"userName\":\"Name\",\"mobile\":\"+919876543210\",\"userType\":\"SO\",\"userStatus\":\"ACTIVE\",\"city\":\"City\",\"state\":\"State\",\"assignedRoles\":[\"ROLE_EMPLOYEEGROUP\"],\"isocode\":\"123456\"}",
								"type": "text"
							},
							{
								"key": "",
								"value": "",
								"type": "text",
								"disabled": true
							}
						],
						"url": {
							"raw": "{{environmentURL}}/so/employees/tracking?period",
							"host": [
								"{{environmentURL}}"
							],
							"path": [
								"so",
								"employees",
								"tracking"
							],
							"query": [
								{
									"key": "period",
									"value": null
								}
							]
						}
					},
					"response": []
				},
				{
					"name": "GetEmployeeTrackingDetails Copy",
					"request": {
						"auth": {
							"type": "basic",
							"basic": [
								{
									"key": "password",
									"value": "UAT_#12#789",
									"type": "string"
								},
								{
									"key": "username",
									"value": "UAT_#12#789",
									"type": "string"
								}
							]
						},
						"method": "GET",
						"header": [
							{
								"key": "userCtx",
								"value": "{\"mid\":\"employee1\",\"userName\":\"Name\",\"mobile\":\"+919876543210\",\"userType\":\"SO\",\"userStatus\":\"ACTIVE\",\"city\":\"City\",\"state\":\"State\",\"assignedRoles\":[\"ROLE_EMPLOYEEGROUP\"],\"isocode\":\"123456\"}",
								"type": "text"
							},
							{
								"key": "",
								"value": "",
								"type": "text",
								"disabled": true
							}
						],
						"url": {
							"raw": "{{environmentURL}}/so/employees/tracking?period",
							"host": [
								"{{environmentURL}}"
							],
							"path": [
								"so",
								"employees",
								"tracking"
							],
							"query": [
								{
									"key": "period",
									"value": null
								}
							]
						}
					},
					"response": []
				},
				{
					"name": "GetSoEmployeesDetails",
					"request": {
						"auth": {
							"type": "basic",
							"basic": [
								{
									"key": "password",
									"value": "UAT_#12#789",
									"type": "string"
								},
								{
									"key": "username",
									"value": "UAT_#12#789",
									"type": "string"
								}
							]
						},
						"method": "GET",
						"header": [
							{
								"key": "userCtx",
								"value": "{\"mid\":\"9200094029\",\"userName\":\"Name\",\"mobile\":\"+919876543210\",\"userType\":\"SO\",\"userStatus\":\"ACTIVE\",\"city\":\"City\",\"state\":\"State\",\"assignedRoles\":[\"ROLE_EMPLOYEEGROUP\"],\"isocode\":\"123456\"}",
								"type": "text"
							}
						],
						"url": {
							"raw": "{{environmentURL}}/so/employees/so/list",
							"host": [
								"{{environmentURL}}"
							],
							"path": [
								"so",
								"employees",
								"so",
								"list"
							]
						}
					},
					"response": []
				},
				{
					"name": "GetBuyersWalletDetails",
					"request": {
						"auth": {
							"type": "basic",
							"basic": [
								{
									"key": "password",
									"value": "UAT_#12#789",
									"type": "string"
								},
								{
									"key": "username",
									"value": "UAT_#12#789",
									"type": "string"
								}
							]
						},
						"method": "GET",
						"header": [
							{
								"key": "userCtx",
								"value": "{\"mid\":\"employee1\",\"userName\":\"Name\",\"mobile\":\"+919876543210\",\"userType\":\"SO\",\"userStatus\":\"ACTIVE\",\"city\":\"City\",\"state\":\"State\",\"assignedRoles\":[\"ROLE_EMPLOYEEGROUP\"],\"isocode\":\"123456\"}",
								"type": "text"
							}
						],
						"url": {
							"raw": "{{environmentURL}}/so/employees/merchantList",
							"host": [
								"{{environmentURL}}"
							],
							"path": [
								"so",
								"employees",
								"merchantList"
							]
						}
					},
					"response": []
				},
				{
					"name": "GetEmployeeBeatStatistics",
					"request": {
						"auth": {
							"type": "basic",
							"basic": [
								{
									"key": "password",
									"value": "UAT_#12#789",
									"type": "string"
								},
								{
									"key": "username",
									"value": "UAT_#12#789",
									"type": "string"
								}
							]
						},
						"method": "POST",
						"header": [
							{
								"key": "userCtx",
								"value": "{\"mid\":\"employee1\",\"userName\":\"Name\",\"mobile\":\"+919876543210\",\"userType\":\"SO\",\"userStatus\":\"ACTIVE\",\"city\":\"City\",\"state\":\"State\",\"assignedRoles\":[\"ROLE_EMPLOYEEGROUP\"],\"isocode\":\"123456\"}",
								"type": "text"
							}
						],
						"body": {
							"mode": "raw",
							"raw": "{\n    \"employeeType\": \"NSM\",\n    \"employeeId\": \"employee1\",\n    \"intervals\": [\n        \"DAILY\",\n        \"WEEKLY\"\n    ]\n}",
							"options": {
								"raw": {
									"language": "json"
								}
							}
						},
						"url": {
							"raw": "{{environmentURL}}/so/employees/beat/statistics?from=2021-03-22&to=2021-03-28&AggregationType=DAY",
							"host": [
								"{{environmentURL}}"
							],
							"path": [
								"so",
								"employees",
								"beat",
								"statistics"
							],
							"query": [
								{
									"key": "from",
									"value": "2021-03-22"
								},
								{
									"key": "to",
									"value": "2021-03-28"
								},
								{
									"key": "AggregationType",
									"value": "DAY"
								}
							]
						}
					},
					"response": []
				},
				{
					"name": "SearchBuyers",
					"request": {
						"auth": {
							"type": "basic",
							"basic": [
								{
									"key": "password",
									"value": "UAT_#12#789",
									"type": "string"
								},
								{
									"key": "username",
									"value": "UAT_#12#789",
									"type": "string"
								}
							]
						},
						"method": "GET",
						"header": [
							{
								"key": "userCtx",
								"value": "{\"mid\":\"employee1\",\"userName\":\"Name\",\"mobile\":\"+919876543210\",\"userType\":\"SO\",\"userStatus\":\"ACTIVE\",\"city\":\"City\",\"state\":\"State\",\"assignedRoles\":[\"ROLE_EMPLOYEEGROUP\"],\"isocode\":\"123456\"}",
								"type": "text"
							}
						],
						"url": {
							"raw": "{{environmentURL}}/so/employees/retailer/search?currentPage=0&pageSize=10&sort=desc&query=ajith",
							"host": [
								"{{environmentURL}}"
							],
							"path": [
								"so",
								"employees",
								"retailer",
								"search"
							],
							"query": [
								{
									"key": "currentPage",
									"value": "0"
								},
								{
									"key": "pageSize",
									"value": "10"
								},
								{
									"key": "sort",
									"value": "desc"
								},
								{
									"key": "query",
									"value": "ajith"
								}
							]
						}
					},
					"response": []
				},
				{
					"name": "ValidateEmployeeToDelete",
					"request": {
						"auth": {
							"type": "basic",
							"basic": [
								{
									"key": "password",
									"value": "UAT_#12#789",
									"type": "string"
								},
								{
									"key": "username",
									"value": "UAT_#12#789",
									"type": "string"
								}
							]
						},
						"method": "GET",
						"header": [
							{
								"key": "userCtx",
								"value": "{\"mid\":\"UAT_#12#789\",\"userName\":\"Name\",\"mobile\":\"+919876543210\",\"userType\":\"SO\",\"userStatus\":\"ACTIVE\",\"city\":\"City\",\"state\":\"State\",\"assignedRoles\":[\"ROLE_ADMINGROUP\"],\"isocode\":\"123456\"}",
								"type": "text"
							}
						],
						"url": {
							"raw": "{{environmentURL}}/so/employees/employee1",
							"host": [
								"{{environmentURL}}"
							],
							"path": [
								"so",
								"employees",
								"employee1"
							]
						}
					},
					"response": []
				},
				{
					"name": "DeleteEmployee",
					"request": {
						"auth": {
							"type": "basic",
							"basic": [
								{
									"key": "password",
									"value": "UAT_#12#789",
									"type": "string"
								},
								{
									"key": "username",
									"value": "UAT_#12#789",
									"type": "string"
								}
							]
						},
						"method": "DELETE",
						"header": [
							{
								"key": "userCtx",
								"value": "{\"mid\":\"UAT_#12#789\",\"userName\":\"Name\",\"mobile\":\"+919876543210\",\"userType\":\"SO\",\"userStatus\":\"ACTIVE\",\"city\":\"City\",\"state\":\"State\",\"assignedRoles\":[\"ROLE_ADMINGROUP\"],\"isocode\":\"123456\"}",
								"type": "text"
							}
						],
						"url": {
							"raw": "{{environmentURL}}/so/employees/9200094031",
							"host": [
								"{{environmentURL}}"
							],
							"path": [
								"so",
								"employees",
								"9200094031"
							]
						}
					},
					"response": []
				}
			]
		},
		{
			"name": "TOKEN",
			"item": [
				{
					"name": "GetToken",
					"request": {
						"auth": {
							"type": "basic",
							"basic": [
								{
									"key": "password",
									"value": "UAT_#12#789",
									"type": "string"
								},
								{
									"key": "username",
									"value": "UAT_#12#789",
									"type": "string"
								}
							]
						},
						"method": "GET",
						"header": [
							{
								"key": "userCtx",
								"value": "{\"mid\":\"employee1\",\"userName\":\"Name\",\"mobile\":\"+919876543210\",\"userType\":\"SO\",\"userStatus\":\"ACTIVE\",\"city\":\"City\",\"state\":\"State\",\"assignedRoles\":[\"ROLE_EMPLOYEEGROUP\"],\"isocode\":\"123456\"}",
								"type": "text"
							}
						],
						"url": {
							"raw": "{{environmentURL}}/so/token?serviceType=USER_SERVICE",
							"host": [
								"{{environmentURL}}"
							],
							"path": [
								"so",
								"token"
							],
							"query": [
								{
									"key": "serviceType",
									"value": "USER_SERVICE"
								}
							]
						}
					},
					"response": []
				},
				{
					"name": "RevokeToken",
					"request": {
						"method": "DELETE",
						"header": [],
						"url": {
							"raw": "{{environmentURL}}/token?serviceType=USER_SERVICE",
							"host": [
								"{{environmentURL}}"
							],
							"path": [
								"token"
							],
							"query": [
								{
									"key": "serviceType",
									"value": "USER_SERVICE"
								}
							]
						}
					},
					"response": []
				},
				{
					"name": "RefreshToken",
					"request": {
						"method": "GET",
						"header": [
							{
								"key": "userCtx",
								"value": "{\"mid\":\"employee1\",\"userName\":\"Name\",\"mobile\":\"+919876543210\",\"userType\":\"SO\",\"userStatus\":\"ACTIVE\",\"city\":\"City\",\"state\":\"State\",\"assignedRoles\":[\"ROLE_EMPLOYEEGROUP\"],\"isocode\":\"123456\"}",
								"type": "text"
							}
						],
						"url": {
							"raw": "{{environmentURL}}/so/token/refresh?serviceType=USER_SERVICE",
							"host": [
								"{{environmentURL}}"
							],
							"path": [
								"so",
								"token",
								"refresh"
							],
							"query": [
								{
									"key": "serviceType",
									"value": "USER_SERVICE"
								},
								{
									"key": "userCtx",
									"value": "{\"mid\":\"employee1\",\"userName\":\"Name\",\"mobile\":\"+919876543210\",\"userType\":\"SO\",\"userStatus\":\"ACTIVE\",\"city\":\"City\",\"state\":\"State\",\"assignedRoles\":[\"ROLE_EMPLOYEEGROUP\"],\"isocode\":\"123456\"}",
									"disabled": true
								}
							]
						}
					},
					"response": []
				}
			]
		},
		{
			"name": "PincodeSoMap",
			"item": [
				{
					"name": "GetSoForPincode",
					"request": {
						"method": "GET",
						"header": [
							{
								"key": "userCtx",
								"value": "{\"mid\":\"employee1\",\"userName\":\"Name\",\"mobile\":\"+919876543210\",\"userType\":\"SO\",\"userStatus\":\"ACTIVE\",\"city\":\"City\",\"state\":\"State\",\"assignedRoles\":[\"ROLE_EMPLOYEEGROUP\"],\"isocode\":\"123456\"}",
								"type": "text"
							}
						],
						"url": {
							"raw": "{{environmentURL}}/so/pincodesomap?pincode=600123",
							"host": [
								"{{environmentURL}}"
							],
							"path": [
								"so",
								"pincodesomap"
							],
							"query": [
								{
									"key": "pincode",
									"value": "600123"
								}
							]
						}
					},
					"response": []
				}
			]
		},
		{
			"name": "BrandRecommendation",
			"item": [
				{
					"name": "Dashboard",
					"request": {
						"auth": {
							"type": "basic",
							"basic": [
								{
									"key": "password",
									"value": "UAT_#12#789",
									"type": "string"
								},
								{
									"key": "username",
									"value": "UAT_#12#789",
									"type": "string"
								}
							]
						},
						"method": "GET",
						"header": [
							{
								"key": "userCtx",
								"value": "{\"mid\":\"employee1\",\"userName\":\"Name\",\"mobile\":\"+919876543210\",\"userType\":\"SO\",\"userStatus\":\"ACTIVE\",\"city\":\"City\",\"state\":\"State\",\"assignedRoles\":[\"ROLE_EMPLOYEEGROUP\"],\"isocode\":\"123456\"}"
							}
						],
						"url": {
							"raw": "{{environmentURL}}/so/recommendation/category?mid=1234",
							"host": [
								"{{environmentURL}}"
							],
							"path": [
								"so",
								"recommendation",
								"category"
							],
							"query": [
								{
									"key": "mid",
									"value": "1234"
								}
							]
						}
					},
					"response": []
				},
				{
					"name": "Get Brands",
					"request": {
						"auth": {
							"type": "basic",
							"basic": [
								{
									"key": "password",
									"value": "UAT_#12#789",
									"type": "string"
								},
								{
									"key": "username",
									"value": "UAT_#12#789",
									"type": "string"
								}
							]
						},
						"method": "GET",
						"header": [
							{
								"key": "userCtx",
								"value": "{\"mid\":\"1234\",\"userName\":\"Name\",\"mobile\":\"+919876543210\",\"userType\":\"SO\",\"userStatus\":\"ACTIVE\",\"city\":\"City\",\"state\":\"State\",\"assignedRoles\":[\"ROLE_EMPLOYEEGROUP\"],\"isocode\":\"123456\"}"
							}
						],
						"url": {
							"raw": "{{environmentURL}}/so/recommendation/brand?mid=employee1&family=MEN&class=FOOTWEAR&brick=CASUAL%20SHOES",
							"host": [
								"{{environmentURL}}"
							],
							"path": [
								"so",
								"recommendation",
								"brand"
							],
							"query": [
								{
									"key": "mid",
									"value": "employee1"
								},
								{
									"key": "family",
									"value": "MEN"
								},
								{
									"key": "class",
									"value": "FOOTWEAR"
								},
								{
									"key": "brick",
									"value": "CASUAL%20SHOES"
								}
							]
						}
					},
					"response": []
				},
				{
					"name": "Bulkupload",
					"request": {
						"method": "POST",
						"header": [
							{
								"key": "userCtx",
								"value": "{\"mid\":\"employee1\",\"userName\":\"Name\",\"mobile\":\"+919876543210\",\"userType\":\"SO\",\"userStatus\":\"ACTIVE\",\"city\":\"City\",\"state\":\"State\",\"assignedRoles\":[\"ROLE_ADMINGROUP\"],\"isocode\":\"123456\"}",
								"type": "text"
							}
						],
						"body": {
							"mode": "formdata",
							"formdata": [
								{
									"key": "file",
									"type": "file",
									"src": "/Users/sahej.ganeriwala/Documents/SO Service Docs/BrandRecommendation.xlsx"
								},
								{
									"key": "type",
									"value": "BRAND_RECOMMENDATION",
									"type": "text"
								}
							]
						},
						"url": {
							"raw": "http://10.21.77.59:8080/so/admin/bulkupload",
							"protocol": "http",
							"host": [
								"10",
								"21",
								"77",
								"59"
							],
							"port": "8080",
							"path": [
								"so",
								"admin",
								"bulkupload"
							]
						}
					},
					"response": []
				}
			]
		}
	]
}